,Interesting_url
0,https://www.naadyogacouncil.com/en/event-single/be-in-tune-sidak-kaur/2021-06-02/
1,https://www.naadyogacouncil.com/en/event-single/be-in-tune-sidak-kaur/2021-06-09/
2,https://www.naadyogacouncil.com/en/event-single/be-in-tune-sidak-kaur/2021-06-16/
3,https://www.naadyogacouncil.com/en/event-single/be-in-tune-sidak-kaur/2021-06-23/
4,https://www.naadyogacouncil.com/en/event-single/be-in-tune-sidak-kaur/2021-06-30/
5,https://www.naadyogacouncil.com/en/event-single/be-in-tune-sidak-kaur/2021-07-07/
6,https://www.naadyogacouncil.com/en/event-single/be-in-tune-sidak-kaur/2021-07-14/
7,https://www.naadyogacouncil.com/en/event-single/be-in-tune-sidak-kaur/2021-07-21/
8,https://www.naadyogacouncil.com/en/event-single/be-in-tune-sidak-kaur/2021-07-28/
9,https://www.naadyogacouncil.com/en/event-single/be-in-tune-sidak-kaur/2021-08-04/
