,Nonintersting_url
0,https://www.naadyogacouncil.com/en/
1,https://www.naadyogacouncil.com/?page_id=6975
2,https://www.naadyogacouncil.com/en/
3,https://www.naadyogacouncil.com/en/about-us/
4,https://www.naadyogacouncil.com/en/about-us/association/
5,https://www.naadyogacouncil.com/en/about-us/mission-statement/
6,https://www.naadyogacouncil.com/en/about-us/yogi-of-sound/
7,https://www.naadyogacouncil.com/en/about-us/core-team/
8,https://www.naadyogacouncil.com/en/about-us/become-a-member/
9,https://www.naadyogacouncil.com/en/about-us/donations/
10,https://www.naadyogacouncil.com/en/naad-yoga/what-is-naad-yoga/
11,https://www.naadyogacouncil.com/en/naad-yoga/what-is-naad-yoga/
12,https://www.naadyogacouncil.com/en/naad-yoga/naad-yoga-teacher-training/
13,https://www.naadyogacouncil.com/en/naad-yoga/naad-yoga-coaching/
14,https://www.naadyogacouncil.com/en/sound-therapy/what-is-sound-therapy/
15,https://www.naadyogacouncil.com/en/sound-therapy/what-is-sound-therapy/
16,https://www.naadyogacouncil.com/en/sound-therapy/sound-therapist-course/
17,https://www.naadyogacouncil.com/en/sound-therapy/naad-yoga-sound-therapy/
18,https://www.naadyogacouncil.com/en/teachers-and-therapists/
19,https://www.naadyogacouncil.com/en/offers/course-programmes/
20,https://www.naadyogacouncil.com/en/offers/course-programmes/
21,https://www.naadyogacouncil.com/en/offers/course-programmes/the-masters-path/
22,https://www.naadyogacouncil.com/en/offers/course-programmes/soundflow/
23,https://www.naadyogacouncil.com/en/offers/community-projects/
24,https://www.naadyogacouncil.com/en/offers/community-projects/prison-project/
25,https://www.naadyogacouncil.com/en/offers/community-projects/hospital-project/
26,https://www.naadyogacouncil.com/en/offers/education-projects/
27,https://www.naadyogacouncil.com/en/offers/education-projects/rababi-550/
28,https://www.naadyogacouncil.com/en/offers/education-projects/academic-courses/
29,https://www.naadyogacouncil.com/en/offers/education-projects/further-training-for-educators/
30,https://www.naadyogacouncil.com/en/offers/concerts/
31,https://www.naadyogacouncil.com/en/offers/healing-circles/
32,https://www.naadyogacouncil.com/en/events/
33,https://www.naadyogacouncil.com/en/contact-us/
34,https://www.naadyogacouncil.com/en/contact-us/
35,https://www.naadyogacouncil.com/en/contact-us/newsletter/
36,https://www.naadyogacouncil.com/en/events/
37,https://www.naadyogacouncil.com/events/
38,https://www.naadyogacouncil.com/es/events/
39,https://www.naadyogacouncil.com/en/events/list/?tribe_event_display=past&tribe_paged=1
40,https://www.naadyogacouncil.com/en/events/list/?tribe_event_display=list&tribe_paged=2
41,https://www.naadyogacouncil.com/en/event-single/be-in-tune-sidak-kaur/2021-06-02/
42,https://www.naadyogacouncil.com/en/event-single/be-in-tune-sidak-kaur/2021-06-02/
43,https://www.naadyogacouncil.com/en/event-single/be-in-tune-sidak-kaur/2021-06-02/
44,https://www.naadyogacouncil.com/en/event-single/be-in-tune-sidak-kaur/2021-06-02/
45,https://www.naadyogacouncil.com/en/event-single/be-in-tune-sidak-kaur/2021-06-09/
46,https://www.naadyogacouncil.com/en/event-single/be-in-tune-sidak-kaur/2021-06-09/
47,https://www.naadyogacouncil.com/en/event-single/be-in-tune-sidak-kaur/2021-06-09/
48,https://www.naadyogacouncil.com/en/event-single/be-in-tune-sidak-kaur/2021-06-09/
49,https://www.naadyogacouncil.com/en/event-single/be-in-tune-sidak-kaur/2021-06-16/
50,https://www.naadyogacouncil.com/en/event-single/be-in-tune-sidak-kaur/2021-06-16/
51,https://www.naadyogacouncil.com/en/event-single/be-in-tune-sidak-kaur/2021-06-16/
52,https://www.naadyogacouncil.com/en/event-single/be-in-tune-sidak-kaur/2021-06-16/
53,https://www.naadyogacouncil.com/en/event-single/be-in-tune-sidak-kaur/2021-06-23/
54,https://www.naadyogacouncil.com/en/event-single/be-in-tune-sidak-kaur/2021-06-23/
55,https://www.naadyogacouncil.com/en/event-single/be-in-tune-sidak-kaur/2021-06-23/
56,https://www.naadyogacouncil.com/en/event-single/be-in-tune-sidak-kaur/2021-06-23/
57,https://www.naadyogacouncil.com/en/event-single/be-in-tune-sidak-kaur/2021-06-30/
58,https://www.naadyogacouncil.com/en/event-single/be-in-tune-sidak-kaur/2021-06-30/
59,https://www.naadyogacouncil.com/en/event-single/be-in-tune-sidak-kaur/2021-06-30/
60,https://www.naadyogacouncil.com/en/event-single/be-in-tune-sidak-kaur/2021-06-30/
61,https://www.naadyogacouncil.com/en/event-single/be-in-tune-sidak-kaur/2021-07-07/
62,https://www.naadyogacouncil.com/en/event-single/be-in-tune-sidak-kaur/2021-07-07/
63,https://www.naadyogacouncil.com/en/event-single/be-in-tune-sidak-kaur/2021-07-07/
64,https://www.naadyogacouncil.com/en/event-single/be-in-tune-sidak-kaur/2021-07-07/
65,https://www.naadyogacouncil.com/en/event-single/be-in-tune-sidak-kaur/2021-07-14/
66,https://www.naadyogacouncil.com/en/event-single/be-in-tune-sidak-kaur/2021-07-14/
67,https://www.naadyogacouncil.com/en/event-single/be-in-tune-sidak-kaur/2021-07-14/
68,https://www.naadyogacouncil.com/en/event-single/be-in-tune-sidak-kaur/2021-07-14/
69,https://www.naadyogacouncil.com/en/event-single/be-in-tune-sidak-kaur/2021-07-21/
70,https://www.naadyogacouncil.com/en/event-single/be-in-tune-sidak-kaur/2021-07-21/
71,https://www.naadyogacouncil.com/en/event-single/be-in-tune-sidak-kaur/2021-07-21/
72,https://www.naadyogacouncil.com/en/event-single/be-in-tune-sidak-kaur/2021-07-21/
73,https://www.naadyogacouncil.com/en/event-single/be-in-tune-sidak-kaur/2021-07-28/
74,https://www.naadyogacouncil.com/en/event-single/be-in-tune-sidak-kaur/2021-07-28/
75,https://www.naadyogacouncil.com/en/event-single/be-in-tune-sidak-kaur/2021-07-28/
76,https://www.naadyogacouncil.com/en/event-single/be-in-tune-sidak-kaur/2021-07-28/
77,https://www.naadyogacouncil.com/en/event-single/be-in-tune-sidak-kaur/2021-08-04/
78,https://www.naadyogacouncil.com/en/event-single/be-in-tune-sidak-kaur/2021-08-04/
79,https://www.naadyogacouncil.com/en/event-single/be-in-tune-sidak-kaur/2021-08-04/
80,https://www.naadyogacouncil.com/en/event-single/be-in-tune-sidak-kaur/2021-08-04/
81,https://www.naadyogacouncil.com/en/events/list/?tribe_event_display=past&tribe_paged=1
82,https://www.naadyogacouncil.com/en/events/list/?tribe_event_display=list&tribe_paged=2
83,https://www.naadyogacouncil.com/en/events/?ical=1
84,https://www.naadyogacouncil.com/en/
85,https://www.naadyogacouncil.com/en/contact-us/newsletter/
86,https://www.naadyogacouncil.com/en/about-us/become-a-member/
87,https://www.naadyogacouncil.com/en/contact-us/imprint/
88,https://www.naadyogacouncil.com/en/contact-us/data-protection/
89,https://www.naadyogacouncil.com/en/contact-us/
90,https://www.facebook.com/sharer/sharer.php?u=https%3A%2F%2Fwww.naadyogacouncil.com%2Fen%2Fevents%2F
91,https://twitter.com/share?url=https%3A%2F%2Fwww.naadyogacouncil.com%2Fen%2Fevents%2F&text=Veranstaltungen%20%E2%80%93%20Naadyoga%20Council
92,https://www.linkedin.com/shareArticle?mini=true&url=https%3A%2F%2Fwww.naadyogacouncil.com%2Fen%2Fevents%2F&title=Veranstaltungen%20%E2%80%93%20Naadyoga%20Council
93,https://telegram.me/share/url?url=https%3A%2F%2Fwww.naadyogacouncil.com%2Fen%2Fevents%2F&text=Veranstaltungen%20%E2%80%93%20Naadyoga%20Council
94,threema://compose?text=Veranstaltungen%20%E2%80%93%20Naadyoga%20Council%20https%3A%2F%2Fwww.naadyogacouncil.com%2Fen%2Fevents%2F
95,https://api.whatsapp.com/send?text=https%3A%2F%2Fwww.naadyogacouncil.com%2Fen%2Fevents%2F%20Veranstaltungen%20%E2%80%93%20Naadyoga%20Council
96,mailto:?body=https%3A%2F%2Fwww.naadyogacouncil.com%2Fen%2Fevents%2F&subject=Veranstaltungen%20%E2%80%93%20Naadyoga%20Council
97,https://www.naadyogacouncil.com/kontakt/datenschutz/
98,/
99,/
100,https:/naadyogacouncil.com/
